{"cameraMode":{"drawMode":0,"name":"Shaded","section":"Shading Mode"},"sceneLighting":true,"audioPlay":false,"sceneViewState":{"showFog":true,"showMaterialUpdate":false,"showSkybox":true,"showFlares":true,"showImageEffects":true,"showParticleSystems":true},"in2DMode":false,"pivot":{"x":-3.3515286445617677,"y":-1.4024596214294434,"z":0.07071057707071305},"rotation":{"x":0.019586503505706788,"y":0.6965919137001038,"z":-0.019026923924684526,"w":0.7169521450996399},"size":9.120150566101075,"orthographic":false}